company,reg_no,sic_div,ebitda_growth_raw,y_growth,margin_2022,y_margin_pp,log_turnover,firm_age,log_employees,rev_per_emp,rev_cagr_pre,ebitda_cagr_pre,margin_trend_pre
SCHRODER PENSION MANAGEMENT LIMITED,05606609,64,0.7928730512249443,0.7928730512249443,0.03166989948862634,-2.715383379529806,10.252558660448129,17.0,,,-0.18336142158289903,-0.14820142840749562,0.030472827495414967
SCHRODER & CO. LIMITED,02280926,64,0.3056050495522249,0.3056050495522249,0.30212584794663216,-4.960823989389024,12.526634401483374,34.0,6.118097198041348,626.0264317180616,0.12122498077532229,0.13422471377046485,0.0102696905945589
TRAVEL COUNSELLORS LIMITED,02133414,79,0.9990636077854325,0.9990636077854325,0.05311831624423554,1.9629844849323543,12.526634401483374,35.0,5.634789603169249,1005.2357142857143,0.047709592102986864,-0.045247537309258345,-0.01707482828932879
WANT2BTHERE LTD,06184676,79,0.6815040465581522,0.6815040465581522,0.32480967606164207,-7.237891313141665,11.816188028738999,15.0,5.278114659230517,690.954081632653,0.10437815144606244,0.43574037284760947,0.17698237828854996
VUR VILLAGE TRADING NO 1 LIMITED,00418878,55,1.4116147824503915,1.4116147824503915,0.024129145618273666,2.3502401157508928,12.335564640762929,76.0,7.537139200363593,52.47810050714615,0.01838166623600679,-0.03841599272776919,-0.004533215662949657
BPP UNIVERSITY LIMITED,02609100,85,1.5136651323360184,1.5136651323360184,0.23353348729792148,5.451794162672771,11.687508825669061,31.0,6.905753276311464,119.31362725450902,0.11785967041655399,0.6726780933686825,0.16382688382314936
EQT PARTNERS LIMITED,06590781,64,0.8829409302772262,0.8829409302772262,0.2908510925177794,-0.6691203729452588,11.555940623946178,14.0,4.762173934797756,892.2681367521368,0.8887969962518428,1.4479917833949951,-0.336963306451215
ZELLIS HOLDINGS LIMITED,10975623,64,0.42556900144253884,0.42556900144253884,0.28464214428286283,2.9382676534141003,12.074539255568324,5.0,7.537139200363593,78.95092300765421,0.07345039344686399,0.9692354397126768,0.2385366999465809
M GROUP ENERGY (NETWORK INFRASTRUCTURE) LIMITED,00245626,82,0.8594603276582076,0.8594603276582076,0.07614132495199892,3.555079572218657,11.311653477657249,92.0,5.817111159963204,243.36011904761904,0.03831413762424729,-0.0011217958134533967,-0.00937895651062104
HARVEY NASH LIMITED,02202476,78,-0.10101613867304243,-0.10101613867304243,0.02503310564628955,-0.45592390939716043,12.496224166382847,35.0,5.6937321388027,900.087542087542,-0.03252958666342709,,0.032725986598025274
RENOLD LIMITED,00249688,28,0.6070038910505836,0.6070038910505836,0.13165983606557377,3.9425499477094004,12.18177995296113,92.0,7.503289630675082,107.60749724366042,-0.012001159164230835,0.009247552497784639,0.008142049504308954
JEMELLA LIMITED,04115691,46,-0.30710289662247725,-0.30710289662247725,0.32130348791693275,-10.400179927292545,12.176417238622548,22.0,5.777652323222656,601.1021671826626,0.16515133010117156,0.29620137114941514,0.08793349321246413
BRIGHT BLUE FOODS LIMITED,08211695,10,0.8038592259620656,0.8038592259620656,0.04647382821854571,2.250918283349448,12.187200685029273,10.0,7.430114138561801,116.40628706998814,0.3295311220887365,0.24972816686871258,-0.009483542156259704
NEP UK FILM I LIMITED,10482244,64,0.237554193451936,0.237554193451936,0.15246696055324832,3.179323853146063,12.298464936069484,6.0,6.53813982376767,317.45151953690305,0.048703896850698536,0.1171212611976018,0.0263325924869581
PACIFIC SHELF 1855 LIMITED,11453115,63,5.521985764293665,4.030904718277599,0.0840220911639323,1.1804316783189952,10.49659912602577,4.0,5.942799375126701,94.9926719160105,,,
BCL REALISATIONS 2026 LIMITED,01353688,46,-0.6155092865293075,-0.6155092865293075,0.11846137799580156,-7.7699115083748245,12.108643989338509,44.0,5.66988092298052,625.6324551724139,0.06965010235788882,0.9254132938851167,0.09815043471902733
M GROUP TELECOM LIMITED,10201726,61,1.25969715826592,1.25969715826592,0.054526330076004347,-0.35740738461158483,11.389808227723144,6.0,6.352629396319567,154.0348432055749,0.8887969962518428,,0.057521491737935075
SMART METERING SYSTEMS LIMITED,SC367563,82,0.10907758605649284,0.10907758605649284,0.42294126328217235,-10.419420911889027,11.816874509885881,13.0,7.215975002651466,99.5738427626745,0.05846488250350568,0.04375941351159662,-0.018129430883962017
ETIHAD ACQUISITIONS LIMITED,07479199,64,-4.46340653869558,-1.3538505560127176,0.09391478727991563,-39.50074311703435,12.167763117121957,12.0,6.993932975223189,176.58990825688073,0.04454234937717372,-0.21992647884792815,-0.1315639153382946
BGEN LIMITED,10946823,64,0.8563646550407773,0.8563646550407773,0.0463660185554193,2.612482839540532,12.154628534507209,5.0,6.812345094177479,208.9893806380638,0.1430158946435769,0.5243603606102889,0.026818408222285036
NATIONAL EXHIBITION CENTRE LIMITED (THE),00979395,70,2.1642338390738476,2.1642338390738476,0.15100219331581577,9.83857422133933,11.430608506481011,52.0,6.182084906716632,190.28512396694214,-0.182581500057442,-0.37509114358723616,-0.18695882030628796
JSM GROUP SERVICES LIMITED,03591105,42,0.7210511725736752,0.7210511725736752,0.12652369579430314,1.0910883672284266,11.652815712157452,24.0,5.5254529391317835,458.2261195219123,0.1779097049479501,0.18945706600564338,0.0036492541062248113
PARTNERS GROUP (UK) LIMITED,05113447,66,0.5408728491188516,0.5408728491188516,0.37836557717414904,6.46120894104495,11.613387306693175,18.0,5.075173815233827,691.05090625,-0.003795826811192171,0.08778043171808037,0.0877405822317393
LEONARD F.JOLLYE (BROOKMANS PARK) LIMITED,01015506,47,-1.1815180821336464,-1.1815180821336464,0.06641614199088589,-7.357790458877492,11.357149281393962,51.0,6.610696044717759,115.17506056527591,0.07305197437702082,-0.019290307871584034,-0.020582909227401205
COTSWOLD OUTDOOR GROUP LTD,03382348,47,0.33606739082243403,0.33606739082243403,0.0842988488563313,2.9468218405985445,11.986273495466353,25.0,6.5337888379333435,233.3372093023256,-0.038702506920065494,0.2501140360810712,0.045968199277155015
ANTIN INFRASTRUCTURE PARTNERS UK LIMITED,08492573,66,0.5358969249928643,0.5358969249928643,0.2961300201516444,2.4087932391976983,11.570794349699288,9.0,4.110873864173311,1737.0099344262294,0.3322583415289413,0.36123668176148804,0.01851251342718213
HARBOURVEST PARTNERS (U.K.) LIMITED,02512083,82,0.4784140954813155,0.4784140954813155,0.05976247689801302,0.013147563737303525,11.539931253762987,32.0,4.624972813284271,1007.2291666666666,0.2855134008409226,-0.1431583713569301,-0.14205405540695143
KOHLBERG KRAVIS ROBERTS & CO. PARTNERS LLP,OC380163,,-0.3868515205724508,-0.3868515205724508,0.45361980022026005,-7.077857607510723,12.24060932880041,10.0,4.948759890378168,1468.2836879432625,0.2033704456654124,0.15084343517849752,-0.06499068427521149
VIRTUSA CONSULTING & SERVICES LIMITED,09108870,62,5.601052917860206,4.030904718277599,0.06316896091066501,5.046420058405133,10.924679720707303,8.0,5.739792912179234,178.5532379421222,-0.11415192086453108,-0.16908846214742312,-0.013376088524963164
VERSION 1 SOLUTIONS LIMITED,03438874,62,1.4533195778535433,1.4533195778535433,0.11203577320697804,3.661717216332812,11.287114158359113,25.0,6.448889394146858,126.24503797468354,0.5089141644270032,0.35936011266568024,-0.04119526871204025
MPM PRODUCTS LIMITED,04610825,46,0.14432647644326477,0.14432647644326477,0.17010309278350516,-1.3061491253613084,11.574133446011343,20.0,4.430816798843313,1265.6190476190477,0.15187536600542173,0.45031420657332855,0.08488292631091277
SYKES COTTAGES LTD,04469189,79,0.23223899175353976,0.23223899175353976,0.25770260950456303,3.3230259488214733,11.733650093047128,20.0,6.776506992372183,142.18700114025086,0.20810795862878306,0.19971284947679857,-0.005447842984124762
HAYFIN CAPITAL MANAGEMENT (UK) LIMITED,06810161,82,-0.34199641167608874,-0.34199641167608874,0.2975469685502021,-11.62383022962396,11.779643790587366,13.0,5.123963979403259,777.1860833333334,0.24483737755123336,0.16108970568394,-0.06914049820049234
CVC ADVISERS LIMITED,04726084,66,0.9559033337444162,0.9559033337444162,0.09973575867416597,4.534217720714777,11.496540430445306,19.0,5.2832037287379885,499.3647055837563,0.07603060077738455,0.07629567016549332,7.367042420593217e-05
FR AVIATION LIMITED,00845310,51,0.29711500311738365,0.29711500311738365,0.2806713331212218,-10.691443333609266,11.04866531035156,57.0,6.102558594613569,140.62639821029083,-0.042462465978388875,-0.04444299262873308,-0.0017488124115370707
QAHE LIMITED,11325201,85,0.6244131455399061,0.6244131455399061,0.21779141104294478,4.472755709059087,11.49067985602291,4.0,6.194405391104672,199.59183673469389,0.2757707749637779,0.17890483912171629,-0.05821708152605734
M GROUP TRANSPORT (RAIL & AVIATION) LIMITED,01450372,42,-0.9890211368766674,-0.9890211368766674,0.060665666569146785,-5.9854390591255955,11.986989589236739,43.0,6.361302477572996,277.4628670120898,0.04978413642730506,0.4212229421034588,0.03621693329438479
AVANTUS AEROSPACE GROUP LIMITED,09358906,70,0.13476627836236932,0.13476627836236932,0.08465375651452611,0.3959142895229667,11.573935179687696,8.0,6.320768294250582,191.17072661870503,0.022734697558917327,-0.206125154752397,-0.09634645484025806
NODE 4 LIMITED,04759927,62,0.16568080357142856,0.16568080357142856,0.27123569655506446,-6.965112155313441,11.098439793640981,19.0,5.752572638825633,209.73968253968255,0.1320594216126525,0.136735417348689,0.0033334589126041703
BEST PRACTICE IFA GROUP LIMITED,04490633,64,-2.309090909090909,-1.3538505560127176,0.005069324660618589,-0.9725859053375092,11.23779100757295,20.0,,,0.12389142839914391,,0.010789164654637057
FLEXERA SOFTWARE HOLDINGS LIMITED,09763701,64,0.3771003877638949,0.3771003877638949,0.10310400355377866,0.07268135301874562,11.408064824354053,7.0,5.501258210544727,367.53061224489795,-0.0035944167167877294,-0.07884947573212453,-0.02739048684974571
WAREHOUSE EXPRESS LIMITED,03366976,47,-0.28900457485407793,-0.28900457485407793,0.04841851192703997,-1.175596678012948,11.782349366838313,25.0,5.53338948872752,517.4743083003953,0.22510235219064634,0.4559286900074837,0.01957100764345243
SOPP AND SOPP LIMITED,04821560,52,0.9192142850099372,0.9192142850099372,0.023943630591896217,0.17705155226628194,10.749127983002035,19.0,4.727387818712341,412.29543362831856,0.09090284607623689,0.12948627846254346,0.0023708885667699173
COTTON TRADERS LIMITED,02125768,47,-0.056018672890963656,-0.056018672890963656,0.10764150604788054,-0.2668157264566526,11.621277501564009,35.0,6.717804695023691,134.75695284159613,0.07605670893139971,0.2581754243913914,0.04030328324925794
ALUMINIUM INVESTMENT COMPANY LIMITED,07962252,82,-1.2802202453900648,-1.2802202453900648,0.0634746228271495,-9.803939930366559,12.29523884879652,10.0,6.0473721790462776,516.9089101654847,0.03416810891549682,0.4119237084026395,0.03853212977174366
SCHRODER INVESTMENT MANAGEMENT NORTH AMERICA LIMITED,02334190,66,-0.005010818813346999,-0.005010818813346999,0.07703645216475852,0.6798238912512938,11.643822139771995,33.0,,,0.1218525785825908,0.05424956251191193,-0.015790342994474002
CVC CREDIT PARTNERS INVESTMENT MANAGEMENT LIMITED,07441828,66,0.5372097868541353,0.5372097868541353,0.3583074245673202,1.154397098604365,11.171129450156759,12.0,4.584967478670572,724.9929795918368,-0.10609721439726683,0.05866322531200696,0.14260590858078254
JENSTEN HOLDINGS LIMITED,11343676,64,0.7230446330576594,0.7230446330576594,0.16947726911530095,-2.1907706882078823,10.50458013313613,4.0,6.018593214496234,88.76451094890511,0.5825318688959835,0.4105637397183095,-0.06984918389936498
ENVIRONMENTAL RESOURCES MANAGEMENT LIMITED,01014622,70,-0.15953338899070585,-0.15953338899070585,0.09469149715502838,-2.961044388983394,11.169749329348798,51.0,5.902633333401366,193.8560737704918,0.07277464814290147,0.024520656780331107,-0.014019713074719303
BMC SOFTWARE LIMITED,01927903,62,0.30180627004989224,0.30180627004989224,0.06153307398572754,1.0846656006235627,11.32360347421583,37.0,5.918893854273146,222.45161559139785,0.06723492371775674,0.04043880970292024,-0.004877780196837871
BPP PROFESSIONAL EDUCATION LIMITED,04546335,85,0.1069723018147087,0.1069723018147087,0.2120093457943925,-1.4848916587378636,11.069758489678053,20.0,5.908082938168931,174.45652173913044,0.08442999347788316,0.25995190686752623,0.076833945532186
ACTIS UK ADVISERS LIMITED,08494131,66,-0.5183425889650222,-0.5183425889650222,0.05909863375120383,-2.8136635092043214,11.43650324624323,9.0,2.1972245773362196,10293.610777777778,0.16048240162172966,-0.040391202556493644,-0.04542402663384433
"CVC SECONDARY PARTNERS, LLP",OC401408,,-0.10863205063063829,-0.10863205063063829,0.4789591784781813,-8.946774748852821,11.2015698251917,7.0,3.58351893845611,2034.5926111111112,0.34223952231486554,0.3261972424599471,-0.017592216193727417
COMMIFY UK LIMITED,04217280,61,1.326105227769373,1.326105227769373,0.1042111901341835,6.9069216582654915,10.952314181693703,21.0,5.087596335232384,352.38271604938274,0.1448278956758573,-0.1535975774138576,-0.15366085948995567
FUNERAL PARTNERS LIMITED,06276941,96,0.1201649690682997,0.1201649690682997,0.252835971814074,-2.666607312748953,11.055545816909865,15.0,6.795705775173514,70.79865771812081,0.12492745453118403,0.2801579972196875,0.08127373889607664
APEM GROUP LIMITED,11768489,64,0.932400658556882,0.932400658556882,0.18051793894013074,-2.0491563116815352,10.495906776105112,3.0,6.150602768446279,77.11547761194029,0.5366884432039594,0.3733433399678008,-0.07237719007133903
AUTOVISTA LIMITED,05763646,63,0.22689141890461756,0.22689141890461756,0.32081898904791367,1.0849707393869645,11.101255903989651,16.0,4.770684624465665,561.4772627118643,0.13516197561092858,0.5692923317036598,0.1993901022196362
DYNATRACE LIMITED,01522537,62,1.089143469615061,1.089143469615061,0.05955017228338516,3.988635835700932,10.918924008193317,42.0,5.111987788356544,332.59855421686746,0.29727678512109335,0.30498901612123697,0.0010495625502659409
STERLING PHARMA SOLUTIONS LIMITED,05712796,21,-0.6441027670218479,-0.6441027670218479,0.2983900213370666,-18.934005164796986,11.683284083641695,16.0,6.327936783729195,211.7375,0.28072535730605597,0.5190892022438203,0.11957562122367987
SINGLETON BIRCH LIMITED,00009433,81,0.35474788840542615,0.35474788840542615,0.18265260008415016,2.3914245670425687,11.069306674229184,94.94999999999987,5.075173815233827,401.06875,0.09844248086337415,0.06486171252592121,-0.017830691253782005
CHAUVET EUROPE LIMITED,07106471,27,0.18759538287169547,0.18759538287169547,0.17566916220369913,-1.269570313718296,10.982728811756306,13.0,4.5217885770490405,639.6622065217391,0.159806660435861,0.2962559373725089,0.049840363760227296
CSL (DUALCOM) LIMITED,03155883,32,0.40185922974767596,0.40185922974767596,0.3920751867954492,1.5886165861555612,10.556099155887797,26.0,4.983606621708336,263.0890410958904,0.1316970482440245,0.1575857417870039,0.025721639625778836
INTEC MICROSYSTEMS LTD,04933374,62,-1.5354046772181542,-1.3538505560127176,0.028823355845627875,-4.491577168876677,11.22276933455943,19.0,4.174387269895637,1150.9950000000001,0.08234844376575134,0.2258525038771364,0.008983834995117193
INSTRUCTURE GLOBAL LIMITED,08938689,63,1.1184496710481882,1.1184496710481882,0.008416937393691008,0.7165302131247563,11.027795251637748,8.0,3.871201010907891,1282.5354791666666,0.25448824817075955,-0.009919043048810527,-0.008704560877791005
JANE'S GROUP UK LIMITED,12199785,74,0.049004760487493935,0.049004760487493935,0.4386046920072356,5.2102927682533995,11.2169850662179,3.0,5.278114659230517,379.50600000000003,0.8741008378908848,0.7470896144166312,-0.10278077280554665
FOREST HOLIDAYS LIMITED,08159308,79,-0.5533515041389057,-0.5533515041389057,0.5232870198483934,-37.77798440984033,10.533934521232142,10.0,6.692083742506628,47.53306322100134,0.006963223239847771,0.25524995702791053,0.25511160076954525
INDURENT MANAGEMENT LIMITED,02120839,68,-2.2886473429951693,-1.3538505560127176,0.07483731019522777,-10.625755225182543,9.311451873344595,35.0,3.828641396489095,240.52173913043478,0.27484378193366465,0.3602272769724173,0.013226823303841999
SIRIUS ACQUISITION COMPANY LIMITED,09947044,82,5.9440988653813465,4.030904718277599,0.009738537000449915,6.112310625056132,11.11350334119732,6.0,6.118097198041348,147.73293392070482,0.03664966445709905,-0.26039815594739535,-0.017077574149278844
JMC AVIATION LIMITED,06583787,82,3.7718215895922573,3.7718215895922573,0.022546537689546772,2.5839595363546013,10.252777504424566,14.0,3.784189633918261,644.5728636363636,-0.025620689812310138,-0.18594957636156995,-0.01611775776731754
ASPEN PUMPS LIMITED,08291827,32,0.21341175460438758,0.21341175460438758,0.4563496728184632,-0.8120293050951299,10.840404102203939,10.0,5.1298987149230735,302.02366863905326,-0.06314441438525353,0.050441654068170694,0.13260704305398857
VITRUVIAN PARTNERS LIMITED,05946871,66,0.4441866081428239,0.4441866081428239,0.09420379393359088,-0.24699713866451894,10.467786500197624,16.0,4.430816798843313,418.6225595238095,0.09757756152824815,-0.05730433320540773,-0.054478591788023334
SCHRODERS GREENCOAT LLP,OC346088,,2.0263619150409014,2.0263619150409014,0.16785133798813878,20.60820070990454,10.81067852691701,13.0,4.48863636973214,556.7087191011236,0.27763637840903743,-0.1705014129243846,-0.336963306451215
GO KARTING FOR FUN LIMITED,05030696,93,-0.39626406569218403,-0.39626406569218403,0.34748899057600985,-14.303994060286723,10.987171448502599,18.0,6.893656354602635,59.95025253549696,0.2552511519139089,0.6801640877229789,0.202585835419486
THE APPOINTMENT GROUP LIMITED,03228538,79,-0.06338385669736747,-0.06338385669736747,0.3387710979534678,-11.866782068980402,10.614057078787942,26.0,5.736572297479192,131.3,0.10324154861772072,0.25583596845919576,0.10909308264599885
IQSA SERVICES LIMITED,09857188,68,-0.07805750037241174,-0.07805750037241174,0.12661498708010335,-0.32125983894966126,10.878405618857906,7.0,6.480044561926653,81.31748466257669,0.13398297416800875,1.1286412269324013,0.10747254641891905
ORIGINAL ADDITIONS (BEAUTY PRODUCTS) LIMITED,05094961,46,0.27991039331026324,0.27991039331026324,0.06981268519446854,1.414113604220317,10.907202487842017,18.0,4.276666119016055,757.8885694444444,0.09414576541662578,0.03327803765970505,-0.013078490304936963
APTUS UTILITIES LIMITED,07209034,43,-0.36978266364944307,-0.36978266364944307,0.08828601357450228,-3.7152615848231694,11.02567557014961,12.0,5.71042701737487,203.41506622516556,0.1352724063351105,0.13019704661392373,-0.0011947434081804043
H.O.B. HOUSE OF BRANDS UK LIMITED,02192055,46,0.2665113804159758,0.2665113804159758,0.05473886431099978,1.0652194763951406,11.184834326620322,35.0,4.6443908991413725,692.593625,0.1074434562630493,0.3430400264219373,0.02404909680799279
LOGISTEED UK LIMITED,02458961,52,0.001035001881821626,0.001035001881821626,0.12884907343848828,-4.55346134910086,10.532902979767153,32.0,6.736966958001855,47.53306322100134,-0.05393329068405306,0.14986012841108254,0.0570842639022104
FUSION WEALTH LIMITED,07469060,64,-1.270568746548868,-1.270568746548868,0.08438759581556814,-10.325624689955289,10.667116495634444,12.0,,,0.3530811398667961,0.914694904205519,0.05460576504100967
IQSA (ATHENA) LIMITED,10037481,68,0.5949367088607594,0.5949367088607594,0.01499193471866401,0.27351941195759377,10.649132302053827,6.0,,,-0.023130515289945364,-0.054201054462019504,-0.0015265739717963845
CH4 GAS UTILITY AND MAINTENANCE SERVICES LIMITED,07541243,71,-1.3032045289836045,-1.3032045289836045,0.04113802899228112,-5.710057208830345,11.148094162475898,11.0,6.645090969505644,90.28787646293887,0.2170076437471835,,0.38784093820627596
BENCHMARK CAPITAL LIMITED,09404621,64,-1.3539227166276346,-1.3538505560127176,0.0800093687785455,-10.292358734493797,10.661837096341706,7.0,6.07993319509559,97.70022883295195,-0.18045600321468125,,0.13049670826593657
STRATA PRODUCTS LIMITED,02117372,20,2.797112462006079,2.797112462006079,0.06010641942040238,13.342572620314527,10.687137923270706,35.0,5.4510384535657,187.93562231759657,0.1132796742291664,0.16724663055382494,0.007957440343013926
APAX PARTNERS UK LTD,01342446,64,0.36472196969574205,0.36472196969574205,0.09035640658247646,0.8760687365007638,10.620779049057854,45.0,4.812184355372417,333.15061788617885,0.16890605756580768,0.2098842357778088,0.00887353525906183
CTV OUTSIDE BROADCASTS LIMITED,05401804,59,-0.9563789868667918,-0.9563789868667918,0.0960706560922855,-9.20788114737642,10.700634323114558,17.0,5.075173815233827,277.4,0.05008735780518214,-0.06442945674661815,-0.039772395223881554
COOPER & TURNER LIMITED,04021697,25,-0.04707012487992315,-0.04707012487992315,0.052234125291653076,0.43223171256787374,10.593103505644756,22.0,5.231108616854587,213.14973262032086,0.17590094393526834,0.5603908281392114,0.029879552394533063
DISGUISE SYSTEMS LIMITED,09908649,82,11.894277228600556,4.030904718277599,0.011866604198242797,13.313755867741406,10.728215123753372,7.0,0.7904588065059048,10679.730086666663,0.2490441190580408,,0.15522913958180581
ZENTIA LIMITED,00207732,23,-0.7746080699049087,-0.7746080699049087,0.14140863497601397,-10.4930045869677,10.91567011320585,94.94999999999987,5.209486152841421,300.72131147540983,-0.09655728913971606,0.0019349893454123634,0.037737189176737546
ATTEWELL LIMITED,00743760,32,1.009393506228303,1.009393506228303,0.14898536615047614,7.959137198513677,10.400285243317475,60.0,4.605170185988092,328.69,-0.06887684107988001,-0.23962475975164121,-0.12459258846196125
4NET TECHNOLOGIES LTD,05448638,61,-0.14832189443113705,-0.14832189443113705,0.10914889142613397,-3.0851261792258153,10.516228963690269,17.0,4.74493212836325,320.9536869565217,0.11668835908067354,0.30796886941911494,0.041224919637554605
EA TECHNOLOGY LIMITED,02566313,71,4.503685503685504,4.030904718277599,0.0625897067869592,7.777289660513705,9.878579916829944,32.0,5.327876168789581,94.69902912621359,-0.0528337125334174,-0.12586235395062095,-0.017033953810653826
BUILDING ENGINEERING SOLUTIONS LIMITED,04483839,43,0.11091562989275176,0.11091562989275176,0.056490823709525365,7.670163221158497,11.51205921988827,20.0,4.912654885736052,734.6574485294118,0.3301521806634564,0.3950607753298667,0.007523934374225112
NONWOVENN LTD,10052668,70,-0.460444424762149,-0.460444424762149,0.4244858621629939,-24.48933411631666,10.258116279399891,6.0,5.356586274672012,134.49540094339622,0.035757804451387765,0.2751798280578399,0.1970161535123093
COUCHBASE LIMITED,08051754,63,0.2564151598002659,0.2564151598002659,0.04694009364918941,-0.08004346600403514,10.490802244965648,10.0,5.3230099791384085,175.5268926829268,0.2607431960318911,0.09107390995290898,-0.025480376188414394
TELETRAC NAVMAN (UK) LTD,02292714,74,0.35522692503824577,0.35522692503824577,0.2116247949581283,7.7918272612089385,10.743588146052236,34.0,5.181783550292085,260.29213483146066,-0.027444198526530128,-0.0990627734774856,-0.05458653808400327
SIGMA COMPONENTS HOLDINGS LIMITED,10010945,64,1.7067635043123015,1.7067635043123015,0.08299740044456165,5.927688854188613,10.186521338423402,6.0,5.905361848054571,72.3242506811989,-0.18336142158289903,-0.38433069621888394,-0.10186865000193686
A&M ENERGY GROUP LIMITED,09586545,43,0.6030076954906115,0.6030076954906115,0.09218089245653066,1.3708520494794874,10.380380582765333,7.0,5.272999558563747,165.2370358974359,-0.039661112097666096,-0.1433695318136885,-0.03769660257287838
"AUCTANE, LIMITED",03870530,62,2.7288253746950155,2.7288253746950155,0.06574997135327146,17.506038317683547,10.683614859597412,23.0,5.225746673713202,234.59677419354838,0.06906197398111025,,0.31773104267183894
IQSA (WESTBOURNE) LIMITED,08189672,55,0.41330645161290325,0.41330645161290325,0.014400185808849147,0.1938236286477737,10.447090095816057,10.0,,,0.057057856223101444,-0.033274641917997894,-0.004425683473093106
RENOLD POWER TRANSMISSION LIMITED,00182382,25,0.7292161520190024,0.7292161520190024,0.170601901880268,8.573612628874608,10.519105530586836,94.94999999999987,5.43372200355424,161.64192139737992,-0.1109737725916563,-0.08821577630791577,0.012458393907602838
PULLMAN FLEET SOLUTIONS LIMITED,11057057,45,4.031578947368421,4.030904718277599,0.008283776006696778,4.2858909947253405,10.956771179117867,5.0,5.993961427306569,142.99501246882792,-0.04156289755226561,,0.01674390897357789
DEPT PERSONALISED CONTENT LIMITED,05412266,62,1.0658657129239828,1.0658657129239828,0.1407816584606965,-1.0988449411579366,9.884722026264718,17.0,4.882801922586371,148.69840151515152,0.17282982475321984,0.31956547290079196,0.04193585158741678
APPLIED UK HOLDINGS I LIMITED,08643705,62,0.05584795321637427,0.05584795321637427,0.10265337975747389,-2.0006670977834595,10.41379304105523,9.0,5.7745515455444085,103.46583850931677,0.1135827887530323,-0.08153081019195918,-0.08030276713799157
SINQ POWER LIMITED,09284085,35,-1.0132463331048662,-1.0132463331048662,0.14885021118570058,-15.047343351854684,10.799759233696244,8.0,0.7904588065059048,10679.730086666663,0.2757944843869815,0.2796790527330577,0.0013514295570886403
BENIFEX LIMITED,04768546,62,1.642273794801449,1.642273794801449,0.1117717017876207,8.911399943477445,10.506803155804635,19.0,6.126869184114185,79.83276200873362,0.43534880609983606,0.39748321123230723,-0.009333953262529185
I.F.P. FOREST AND PAPER PRODUCTS (UK) LIMITED,00743374,17,-0.8283973773524527,-0.8283973773524527,0.030030533688242128,-2.311316440711099,10.951231509138987,60.0,3.091042453358316,2592.0103636363638,0.23566961276851406,0.25018758640391003,0.0010340988651646212
BERKELEY RESEARCH GROUP (UK) LIMITED,07245710,70,1.0018143741725953,1.0018143741725953,0.08038233990625387,3.5926848496365653,10.31662336542026,12.0,4.442651256490317,355.6588941176471,0.12420222973541928,,0.1524796580275406
LEXINGTON ADVISORS UK LIMITED,04293615,64,2.7024786054585896,2.7024786054585896,0.40757196688944153,14.038708148687062,9.898839014806812,21.0,2.995732273553991,995.3622499999999,0.02713882944724122,0.05114374088725904,0.027290271381789577
SEDGWICK REPAIR SOLUTIONS UK LIMITED,03446439,66,0.41922388059701493,0.41922388059701493,0.4001242176675744,-10.577057725152683,9.948986592607346,25.0,4.48863636973214,235.17977528089887,0.32357588251288405,0.5205977826330066,0.13624917612553383
THINKIT SOLUTIONS LIMITED,06440430,62,0.39979338842975204,0.39979338842975204,0.09960128617363344,3.604792796191568,10.568106649481535,15.0,,,0.35307897409521827,0.1068937684364919,-0.08233383969508397
G.A.H. (REFRIGERATION) LIMITED,02778816,33,0.5275316012231107,0.5275316012231107,0.18450353153129204,0.535968370569978,10.223313832187912,29.0,5.176149732573829,155.58062711864406,0.15245530442799016,0.2738312408116632,0.047875041254182016
HL DISPLAY (UK) LIMITED,02187037,46,1.0542372881355933,1.0542372881355933,0.02953347126743643,1.2322175100699866,10.30781868460309,35.0,4.007333185232471,544.8363636363637,0.07070346470901434,-0.10729569298013819,-0.02142298635759941
BFF NONWOVENS LIMITED,04573423,13,-0.4462952315023103,-0.4462952315023103,0.5232870198483934,-32.76694210069424,9.894103307925905,20.0,4.574710978503383,204.25972164948453,0.026232954292930932,0.33847457512020274,0.2978703854357522
HEALTH & CARE MANAGEMENT LIMITED,04702271,86,-0.47559120664188537,-0.47559120664188537,0.15006793259197815,-10.168824813531737,9.887983737093844,19.0,4.976733742420574,135.80906896551724,0.0497771257604005,0.1407280412510865,0.0331091434534153
KENT RENEWABLE ENERGY LIMITED,07230395,35,-0.8100689604419501,-0.8100689604419501,0.4075917943186986,-33.84385573578788,9.980602517010636,12.0,0.7904588065059048,10679.730086666663,-0.13328994257504911,-0.06249602015716205,0.08553862259636402
BANNER LIMITED,07464584,46,-0.534400239512366,-0.534400239512366,0.09432076080619639,-4.12818989548738,10.738717458630353,12.0,5.081404364984463,286.37813664596274,0.00610849083711873,0.7090569710472434,0.07507779015809313
ASSALA ENERGY UK LIMITED,10549881,91,0.7366141732283464,0.7366141732283464,0.06059304849829433,5.505677714864728,10.643494463748558,5.0,3.9512437185814275,806.1346153846154,0.02355672197707137,-0.3991361449807088,-0.2797502619767515
OAK HILL ADVISORS (U.K. SERVICES) LIMITED,05477617,66,0.41789695655709147,0.41789695655709147,0.3835558716829899,5.663834208271207,10.333642216319422,17.0,3.4657359027997265,960.9345625,0.06493423783633068,0.025711496819432078,-0.04570503160131972
DAWSONGROUP TEMPERATURE CONTROL SOLUTIONS LIMITED,01615021,77,0.1532932032026182,0.1532932032026182,0.4799450241220689,4.5958397687972665,10.481560525250607,40.0,4.836281906951478,282.95238095238096,0.08985335184951193,0.043270641477583416,-0.06720286448037832
KENNELPAK LIMITED,01129627,46,0.4272589052730425,0.4272589052730425,0.0240327203080594,0.7194131764778015,10.429796813703875,49.0,5.583496308781699,127.2686879699248,0.09301273027310497,0.2132580998103859,0.006460809321805084
BARLEY PUB COMPANY LIMITED,06457362,56,-1.2330469749588742,-1.2330469749588742,0.19123687016096613,-23.801041284411664,10.954606336009089,15.0,6.881411303642535,58.74435318275154,-0.03983532429437653,0.24551811856545824,0.10362586734528495
OFFSITE ARCHIVE STORAGE AND INTEGRATED SERVICES (UK) LIMITED,06472486,82,-0.157421913165351,-0.157421913165351,0.444985478702227,-13.034776087823108,10.331470813248215,14.0,5.43372200355424,133.987807860262,0.22597738427270087,0.699012058794303,0.2777979680988285
MOTOR REPAIR NETWORK LTD,07669533,82,-0.1326485257702967,-0.1326485257702967,0.009571256199570182,0.969069269739435,12.13819550138792,11.0,5.062595033026967,1182.753493670886,0.6683060978927662,0.3986949522967025,-0.006670280967892557
INDEPENDENT GROWTH FINANCE LIMITED,10077673,70,2.4929407537846693,2.4929407537846693,0.39300694512333134,20.24140565703536,9.570897789351639,6.0,3.784189633918261,325.9383181818182,0.15274233550734562,0.7700557575505358,0.28445537390669984
DEPT MARKETING TECHNOLOGY LONDON LIMITED,08782065,82,-0.4810982473617136,-0.4810982473617136,0.127006463212188,-8.236800401136058,10.091555359632054,9.0,4.955827057601261,169.98807746478874,0.13745113291357924,0.11906497122068616,-0.006363539453268452
ORION ELECTROTECH LIMITED,03416911,82,-0.4559061091223355,-0.4559061091223355,0.09179327859398145,-4.7883703810573115,10.47365154065575,25.0,4.290459441148391,484.53617808219184,-0.0390597158573982,0.009030979626569069,0.012509090857829655
HERITAGE SOMERFIELD GROUP LTD,02410892,22,-0.09526475216272692,-0.09526475216272692,0.18301095824175956,-2.7338123295519487,10.317227892933271,33.0,5.225746673713202,162.6305752688172,0.26234054654258054,0.23387116849879663,-0.012962493535865732
APPLIED SYSTEMS EUROPE LIMITED,03764705,62,6.509090909090909,4.030904718277599,0.01753546947234178,10.477691576724835,10.353447900530844,23.0,5.697093486505405,105.25167785234899,0.16323588221301732,-0.38504427618651316,-0.10114772418450571
IQSA (HERMES) LIMITED,10037473,68,1.3731884057971016,1.3731884057971016,0.013452914798206279,0.5304781584851654,9.92896034850916,6.0,,,-0.1539252471871989,-0.22459405729377535,-0.004023615874285898
FLENDER LIMITED,11053384,28,0.6437810945273632,0.6437810945273632,0.12628801206333248,0.3985625662398934,9.675080171546819,5.0,3.5263605246161616,468.11764705882354,0.05625569050738144,0.2815362499214875,0.05557869768453787
THRIVE OPERATIONS LIMITED,02698057,62,0.43553513529860294,0.43553513529860294,0.12372214000905885,-2.539007004610769,9.836750242499676,30.0,4.189654742026425,283.46693939393936,0.0034947158004270396,0.2287795155974679,0.05633596514226184
IMS EURO LIMITED,04247118,46,1.0395562972644947,1.0395562972644947,0.11435541622793145,2.332908046676711,9.87725332476747,21.0,4.30406509320417,263.2721351351351,0.10945263505092417,0.20093905171829163,0.024194122445802324
IGF BUSINESS CREDIT LIMITED,10078965,64,2.4174286859671734,2.4174286859671734,0.37127387040633647,14.380647984695976,9.400993045112331,6.0,,,0.7249462521455412,,0.38784093820627596
MOVEERO LIMITED,00751186,28,-3.4362850971922247,-1.3538505560127176,0.010206331011374659,-4.485857972113135,10.72247411793522,59.0,5.337538079701318,218.09615384615384,0.22842117098117942,,0.3049513457220644
INVESTINDUSTRIAL SERVICES LIMITED,07870170,64,4.656548649584487,4.030904718277599,0.06707237622462704,17.532396426277753,9.936333325406789,11.0,3.4657359027997265,645.86946875,0.14643919118619886,-0.15131111137371356,-0.09825745260569403
OXFORD INTERNATIONAL SCHOOL LIMITED,10519759,85,12.109811560276254,4.030904718277599,0.01841766451002407,12.592112668015657,9.833492411087258,6.0,4.787491742782046,155.39972500000002,0.7319537980637749,-0.2420925677304,-0.20136577598124386
SCX SPECIAL PROJECTS LIMITED,07434072,28,0.3445991123331867,0.3445991123331867,0.1899097717613564,-4.816237728030756,9.547544340816065,12.0,4.248495242049359,200.1464,-0.15388850280196764,-0.11555358991834064,0.02363914627109684
"SEARCHLIGHT CAPITAL PARTNERS UK, LLP",OC355364,,7.126327146430996,4.030904718277599,0.07086245296995927,29.637652112755475,9.888274823522293,12.0,3.4011973816621555,656.6016,0.11895068193146852,-0.34502268940019,-0.2824591977107619
D'OVERBROECK'S LIMITED,01501239,85,1.701316026239984,1.701316026239984,0.08405014682455116,8.892821911638858,10.057928276010946,42.0,5.429345628954441,102.36886842105262,0.08453284797884164,0.18392710004180146,0.019441339743872785
M GROUP WATER (MEICA MAINTENANCE & PROJECTS) LIMITED,03353499,74,0.659606656580938,0.659606656580938,0.11215428991572875,2.4034412753420846,9.780245895678089,25.0,5.3230099791384085,86.24878048780488,0.017693074259932162,0.3462757544283239,0.06370758170013677
HANMERE POLYTHENE LIMITED,00876107,22,0.48485314572025523,0.48485314572025523,0.10636925959305073,5.244287755235454,10.303199274949446,56.0,4.762173934797756,254.93926495726495,0.1511524723961728,0.0657604764825861,-0.027671184053831746
MOOREPAY LIMITED,00891686,63,0.06634056863344542,0.06634056863344542,0.29785102895647425,-5.485256163029339,9.997160028398763,56.0,5.298317366548036,109.82,0.10889375598513551,0.4113608041042782,0.1533886500143337
MEDALLIA LIMITED,07982374,63,-0.2527651858567543,-0.2527651858567543,0.11027573933734579,-0.6049532301254836,10.819998260213833,10.0,5.318119993844216,245.15196078431373,0.22293014802197653,0.3282234341311663,0.024201832125545622
GEORGE WALKER TRANSPORT LIMITED,01398136,49,-0.3322253811135741,-0.3322253811135741,0.14650504214629578,-5.422384997452877,10.156726849290719,44.0,5.081404364984463,160.0237888198758,0.04930638331665893,0.5230795202112799,0.09859883580815004
HGF BUSINESS SERVICES LIMITED,07200550,69,-0.5869680266403954,-0.5869680266403954,0.011514287040157648,-0.7291947560784117,9.968041854799177,12.0,5.87493073085203,59.926039325842694,0.044698891761348,0.024823337998373995,-0.0006830053032129586
TEN10 SOLUTIONS LIMITED,06326413,62,0.3788156288156288,0.3788156288156288,0.13286826735885787,0.6000979728177508,10.112775557559896,15.0,5.3981627015177525,111.56561085972851,-0.0026212829199285803,0.04968542500277029,0.018889472536358004
EXIDE TECHNOLOGIES (TRANSPORTATION) LIMITED,02316604,45,0.17787114845938376,0.17787114845938376,0.024017761033369216,0.35514899090992313,10.299844641613564,34.0,2.3978952727983707,2702.5454545454545,0.05072558601237587,-0.1505768451398718,-0.021442105513631994
IDG INTERNATIONAL MARKETING SERVICES EUROPE LTD,02113413,73,-0.6635967926689577,-0.6635967926689577,0.13262983698862985,-8.066524154916005,10.411517010672114,35.0,4.663439094112067,313.58733962264154,0.11636902322736287,-0.12885578407883236,-0.1464923732487906
BULGIN LIMITED,04949934,26,-0.2877977637335926,-0.2877977637335926,0.21219858156028368,-0.5540378710798571,10.56553098804474,19.0,3.912023005428146,775.5,0.04255520655842715,0.48510861014985984,0.13878692687561478
BARRACUDA NETWORKS LIMITED,05145504,62,0.33614072830394465,0.33614072830394465,0.05858411581409531,-0.5552606510302989,9.932931348164665,18.0,5.030437921392435,134.6250392156863,0.09807637818270476,0.27752223094224027,0.021381615578988773
CROWN TRAVEL LIMITED,02095375,79,-0.9478022303799913,-0.9478022303799913,0.33247710447313344,-31.40113017912846,10.254408966619641,35.0,3.4011973816621555,946.9171333333333,-0.042104810925507774,0.306631017152007,0.20148146788384863
SCHRODERS IS LIMITED,03359127,64,-0.8837797212353102,-0.8837797212353102,0.21499500558199658,-15.301424475995898,11.128380007114567,25.0,4.795790545596741,562.6115702479339,0.13026424358415922,-0.09200287161170118,-0.19968673450751073
HALE HAMILTON (VALVES) LIMITED,01563775,28,0.11948240699963227,0.11948240699963227,0.2455414464970915,-3.7666529908736117,9.935021054260083,41.0,4.672828834461906,192.90391588785047,0.022086250057214762,0.16998679872782207,0.08184299812178403
ENVEA UK LTD,02514486,26,2.563344408478155,2.563344408478155,0.07326221996377587,6.302300312174931,9.454070635268684,32.0,4.3694478524670215,161.519,0.047297518786242776,0.01644905801488239,-0.00687484735941965
QAD EUROPE LIMITED,03653092,62,-0.31314285714285717,-0.31314285714285717,0.03563138819888423,-1.3918176016363182,10.108752224963046,24.0,4.5217885770490405,266.92391304347825,0.07422917917834915,0.03465045699446789,-0.0042474608672439865
ROLEC SERVICES LIMITED,02294468,43,-0.013589073255708406,-0.013589073255708406,0.2688972043025437,-0.5198875961009874,10.061845938965364,34.0,4.927253685157205,169.79507246376812,0.02878659287095031,0.06396205771882135,0.025797879589159606
CHAS 2013 LIMITED,08466203,84,-0.28833819241982506,-0.28833819241982506,0.21511445594230166,-12.181832385240716,9.676900579444158,9.0,4.672828834461906,149.01869158878506,0.20390196494474533,0.12375720664887302,-0.049385434624561964
CARRYLIFT MATERIALS HANDLING LIMITED,02221891,46,0.6270021388091493,0.6270021388091493,0.24715347313017338,9.554516186620415,10.011994542846656,34.0,5.049856007249537,142.8990641025641,-0.019283378923347305,0.08874674486698586,0.06651231194562854
CROUD INC LTD,07542498,70,0.16005937829705708,0.16005937829705708,0.20864873596622627,-3.296380425874057,9.83005186204275,11.0,5.37989735354046,85.64017511520738,0.0645722498810537,0.27825290510305933,0.08811994045110322
F.R. MONKHOUSE LIMITED,00341442,47,-1.1607672670107776,-1.1607672670107776,0.05746159579351882,-6.546975692088747,10.003668080191277,84.0,5.820082930352362,65.60062017804154,0.254621474123389,0.0261556302971242,-0.04755940091991869
WILCOMATIC LIMITED,00910387,82,1.0225003837748443,1.0225003837748443,0.13583772724858653,5.155125606665578,9.60362553816135,55.0,4.812184355372417,120.47486991869918,0.0544517501292765,-0.07900085680980062,-0.06801797499459963
BUILDERS SUPPLY (NORTH WEST) LIMITED,01222280,46,0.13316555996283164,0.13316555996283164,0.0995256898626908,0.9085360655051139,10.066459906721391,47.0,4.430816798843313,280.2390833333333,0.01833888045897769,0.7522415905587041,0.0799899339603846
AMALGAMATED LIFTS LIMITED,02316623,33,1.3868796987698924,1.3868796987698924,0.03162514402312094,1.2641437041802908,9.61007388583471,34.0,4.762173934797756,127.47241025641026,0.07799034002468841,-0.052274288838139116,-0.014915150854093624
QUALITECH ENVIRONMENTAL SERVICES LIMITED,07576627,38,-0.013115235360900791,-0.013115235360900791,0.2089088399067719,-2.4909337554256505,9.98141812352626,11.0,4.820281565605037,174.36251612903226,0.1547363156201409,0.565664072142019,0.1250961975428208
INVESTCORP SECURITIES LIMITED,02217792,64,16.206819026940156,4.030904718277599,0.00948993394813223,14.64128942814337,10.112686609736539,34.0,3.367295829986474,850.131275862069,0.043264750471610824,-0.3991361449807088,-0.336963306451215
STRATEGIC RESOURCES EUROPEAN RECRUITMENT CONSULTANTS LIMITED,SC107007,78,-0.6656171523959037,-0.6656171523959037,0.01490566127353958,-0.9433782796507165,10.041009117573898,35.0,2.1972245773362196,2549.8365555555556,-0.013148640414817558,0.07674852583186609,0.0034303725444401207
R SYSTEMS COMPUTARIS INTERNATIONAL LIMITED,06000234,62,-0.6031809388662667,-0.6031809388662667,0.12249889680069462,-6.5912679229403945,10.074250102334336,16.0,5.998936561946683,58.86893548387097,0.2436729720116555,0.3324377872858655,0.02288729028876102
SMS CORPORATE SERVICES LIMITED,SC614591,82,-0.20140577717868743,-0.20140577717868743,0.1625784354312983,-5.808011498683517,9.869854137322445,4.0,,,,,
HESSLE PLANT LIMITED,01033740,77,-0.12827613669273094,-0.12827613669273094,0.2230051743636291,-3.828430232071636,10.034181022063544,51.0,3.9318256327243257,446.9091764705882,0.056510753874979835,0.03231629547700643,-0.016050114922775555
METCALFE PLANT HIRE LIMITED,02093086,41,0.048235218701254474,0.048235218701254474,0.1419887392028606,-2.7432571971512636,9.709892366515794,35.0,4.605170185988092,164.79828,0.08906277501166371,0.014957056727347373,-0.033427437816503924
CRIMSON LIMITED,04097664,58,0.5187367957226994,0.5187367957226994,0.052359378322942574,-0.0010722068771798487,10.097100866800805,22.0,4.736198448394496,212.917,0.026048318684612992,-0.06399776890417608,-0.01661174014469463
PARTNERS GROUP (UK) MANAGEMENT LTD,09172998,66,-0.686708025703507,-0.686708025703507,0.034669168833212374,-2.599312908227161,9.670907807552574,8.0,,,0.28244740186721895,1.4479917833949951,0.03400964865410394
CAROLE NASH INSURANCE CONSULTANTS LIMITED,02600841,65,-0.7382016890213612,-0.7382016890213612,0.08542692242403667,-6.360226511671072,10.067475402641579,31.0,5.278114659230517,120.22448979591837,-0.02853453806712647,-0.25065088056498397,-0.10070645241060654
TRIOPTIMA UK LIMITED,04379784,66,-0.5081718297928396,-0.5081718297928396,0.13569896207862708,-7.214780514762305,9.734745535024585,20.0,4.127134385045092,272.49251612903225,0.22586654160388875,0.16632159211239927,-0.02186291775999466
UPSTREAM MOBILE COMMERCE LIMITED,09873874,61,-18.445755905171794,-1.3538505560127176,0.004966570902258245,-10.909531624402542,10.253592511310043,7.0,0.7904588065059048,10679.730086666663,0.06554539960862615,,0.19844638104301454
AUGER SITE INVESTIGATIONS LIMITED,03088958,36,0.41358845310877135,0.41358845310877135,0.30161848646427386,-0.8230645933302361,9.67807142086624,27.0,5.0238805208462765,105.0242105263158,0.5302825102491158,0.428742094638932,-0.06898651764711689
DAY 2 INTERIORS LIMITED,04282000,47,-0.8315708725782051,-0.8315708725782051,0.05421851298051539,-4.079570479257931,10.093601709665753,21.0,3.332204510175204,863.8483214285715,0.00024280265859699668,0.016003667246583753,0.0024842721032479267
RICHARD ALAN ENGINEERING COMPANY LIMITED,00973280,25,1.7642499761240278,1.7642499761240278,0.04844389779394996,4.180610724049321,9.652603324562941,52.0,4.844187086458591,122.5373937007874,-0.0016455731582027955,-0.2046621324544916,-0.04737216950663564
TELEGENIC LIMITED,01551526,59,-0.9817880794701986,-0.9817880794701986,0.0817671081428668,-7.98963068162986,10.699213884343516,41.0,4.804021044733257,363.28688524590166,0.28190135047553055,0.9869277310590565,0.05980893323792384
GRANGE MOTORS (SWINDON) LIMITED,04448487,45,-0.5371485943775101,-0.5371485943775101,0.04712785085643986,-2.3192232995588355,10.651785577560922,20.0,3.367295829986474,1457.5172413793102,-0.09699039548858224,0.3272413790394484,0.032285421018278096
HAYFIN LIMITED,06810157,82,0.8507085425125508,0.8507085425125508,0.09696056449949227,3.3648364017192165,9.711149841122669,13.0,3.044522437723423,785.7411428571428,0.402045750909793,0.3429881063848945,-0.013362214315618556
FARMER AUTOCARE LIMITED,SC246050,45,0.22794582526573673,0.22794582526573673,0.13524418299965202,0.8976357446187994,9.796102600199587,19.0,5.087596335232384,110.88640123456791,0.07418799601489545,0.2207434506730208,0.04309610730636314
NATURAL WORLD PRODUCTS LIMITED,NI023268,38,0.24330204061334026,0.24330204061334026,0.26928626417827445,0.7727770021312141,9.80615599612596,33.0,3.9889840465642745,336.0204259259259,0.054096625345788185,0.028503282160390997,-0.02060720022852014
SECURITY WINDOW SHUTTERS LIMITED,02125993,25,1.8335999277427173,1.8335999277427173,0.03379524806818641,5.987954748166061,9.918948070426325,35.0,4.867534450455582,156.24317692307693,0.07766130940707971,0.37295015087310723,0.01745200634905469
CONICA LTD,02547695,22,-0.22951851098236178,-0.22951851098236178,0.054844987060188595,-1.2677328634325156,9.92479620207404,32.0,4.110873864173311,334.93026229508195,0.1420772290291561,-0.008518376103621161,-0.02897919952940272
PROVIDENCE EQUITY LLP,OC316278,,0.35035674100348563,0.35035674100348563,0.35526467957714297,13.132517407747752,9.988822646180875,17.0,3.332204510175204,777.9156785714285,-0.13343544132426388,-0.26624482330889765,-0.22993120915195958
OIA GLOBAL LIMITED,03724276,96,-0.9917835603268047,-0.9917835603268047,0.04555128634825416,-4.51754696579063,9.967723715468063,23.0,3.091042453358316,969.4038181818181,0.08346791229501038,0.4730959033594684,0.027427215876075193
HUMISEAL EUROPE LIMITED,01480710,20,0.3957657769205269,0.3957657769205269,0.3481547485568419,3.3832546731999202,9.713533401461284,42.0,3.828641396489095,359.56393478260867,0.16227656064473628,0.09422253635025268,-0.06908319501337862
HOPS PUB COMPANY LIMITED,06457363,56,-1.5909399773499433,-1.3538505560127176,0.13239174763104233,-22.62676831520556,10.414753079530504,15.0,6.493753839851686,50.450832072617246,-0.09501451479239087,0.3662952128461181,0.0939190963297288
VISTRA INTERNATIONAL EXPANSION LIMITED,09959976,69,-0.6170242328873337,-0.6170242328873337,0.16857348578758885,-7.609322038372097,10.302274645587653,6.0,4.204692619390966,444.781,0.23043394393145777,0.4106890479524197,0.05671465029437779
ANTHESIS (UK) LIMITED,03409491,74,-2.5191712816590757,-1.3538505560127176,0.0877892669132735,-20.596593862100875,9.817347577583618,25.0,4.969813299576001,127.42580555555554,0.26099144713625844,0.3310859969312332,0.013151351527570423
POLLOCK LIFTS LIMITED,NI018971,28,2.2597363510503823,2.2597363510503823,0.011743429869631046,1.7250602857889465,9.652542149014351,37.0,4.997212273764115,105.14389864864866,0.040697487856851344,-0.2911949893192525,-0.025426191762483362
ABINGWORTH LLP,OC320188,,1.2147375405034802,1.2147375405034802,0.2507428638597103,5.523943636434536,9.257872128344008,16.0,1.6094379124341003,2089.4138,-0.057509282679439555,-0.18385939400030715,-0.1354149862193536
NUMERIX SOFTWARE LIMITED,04300958,62,-0.1982408350750919,-0.1982408350750919,0.07235318479025384,-1.424862612825374,9.930069988041845,21.0,3.6109179126442243,555.102108108108,0.020539732573763292,,0.11409933602260572
RANDOM42 LIMITED,05398828,59,0.3036530302584561,0.3036530302584561,0.5174407577007447,-15.819559468603217,9.27872427141062,17.0,4.762173934797756,91.51934188034188,0.08572408213126437,0.2927696616420412,0.2109230338392138
CARLISLE REFRIGERATION LIMITED,01844394,33,-0.46254127178714144,-0.46254127178714144,0.11345601985689792,-5.3993300027287665,9.883256069294381,38.0,4.634728988229636,190.285786407767,-0.037987251907297126,0.01884582108003463,0.01794694903740343
ENESCO LIMITED,02137296,18,-1.5874439461883407,-1.3538505560127176,0.053103667248769644,-9.437000840485721,10.13444053074182,35.0,4.8283137373023015,201.568,-0.0033509673332926537,-0.06059933990655786,-0.010312308547859174
RUBICON PARTNERS INDUSTRIES LLP,OC304887,,-1.4642512077294687,-1.3538505560127176,0.06273677829974239,-11.095312469480536,10.404111313817522,19.0,5.556828061699537,127.39382239382239,-0.06620311650021626,0.39837877014858125,0.044055568092941144
PARK SHEET METAL COMPANY LIMITED,00455699,29,0.13253968253968254,0.13253968253968254,0.06996501749125437,0.4180259449408613,9.798626911919953,74.0,5.049856007249537,115.4423076923077,0.03917708332775893,0.20731104640940368,0.02534886594589047
PLOWMAN CRAVEN LIMITED,06429056,82,-0.27373095049276547,-0.27373095049276547,0.16450865527638017,-4.703388556056462,9.831086791498626,15.0,5.087596335232384,114.83432716049383,0.07083072677848246,0.28001794632505406,0.06819163248504376
SUPAGLAZE LTD,06334186,22,-0.322236971374146,-0.322236971374146,0.09839526065152317,-2.6390352689097756,9.919722598083416,15.0,5.0689042022202315,127.84497484276729,0.07235802520502355,0.1046626124024288,0.008382385705810819
GOODFELLOW CAMBRIDGE LIMITED,01188162,25,-0.019546520719311962,-0.019546520719311962,0.2757505524712984,-0.5025163870262139,9.828386780026877,48.0,4.6443908991413725,178.39423076923077,0.08796150584985596,0.09599670001614435,0.006020560106475781
OEM - AUTOMATIC LIMITED,02240242,46,0.5148251646086702,0.5148251646086702,0.08220133051122945,3.375021136217371,9.740195029774581,34.0,4.0943445622221,283.11423333333335,0.12193448585142908,0.16855993507484834,0.009452106835936364
CWMTILLERY GLASS CENTRE LIMITED,03983464,23,-0.17498837107478585,-0.17498837107478585,0.2690355569127087,1.502234883786857,10.049032393846625,22.0,4.804021044733257,189.61796721311475,0.23677530540969904,0.28118106594487324,0.027015943920804558
CONGA EUROPE LTD,08071879,62,2.2118917124932587,2.2118917124932587,0.04114877268860012,3.6293914064967305,9.263333785342109,10.0,4.174387269895637,162.21887692307695,-0.09834293280899475,-0.3226148268535991,-0.05589641409446239
TRANSFORMERS & RECTIFIERS LIMITED,00498430,27,0.6256437631068397,0.6256437631068397,0.16516925018335674,2.736962769224227,9.510216271611645,71.0,4.61512051684126,133.63280198019802,0.043898567658726684,0.07253156614574374,0.012878385189361075
VACGEN LIMITED,05361640,26,0.09676916181179032,0.09676916181179032,0.2923451338458089,-0.7169475528510161,9.473017510570383,17.0,4.2626798770413155,183.15588732394366,0.22425440117368156,,0.38376073268137173
HFH HEALTHCARE LIMITED,07413577,82,1.2656665118732844,1.2656665118732844,0.0683584978525789,6.80035483212106,9.539086049757977,12.0,6.1224928095143865,47.53306322100134,-0.08200895276916764,0.12350932349447108,0.03106974952899389
KEY FORENSIC SERVICES LIMITED,11194776,71,5.51301325384158,4.030904718277599,0.03666202123874158,15.882095824249218,9.542868698741914,4.0,5.560681631015528,53.63420769230769,0.04719292839222722,-0.058406715302584455,-0.013770008723570835
LIVINGSTON PRECISION (ENGINEERING) LIMITED,SC222611,25,-0.026085178572339367,-0.026085178572339367,0.22012247765345921,2.5974331667921846,9.883125699902603,21.0,4.897839799950911,146.24538059701493,0.09756157323535297,0.05326936549277028,-0.02895399947880367
TRAIANA LIMITED,04839268,66,0.4409312881721536,0.4409312881721536,0.23959495022068714,7.906447714310624,9.64900431602426,19.0,4.189654742026425,234.9445606060606,0.2623228050166624,0.9487722700047208,0.1744762577832763
HAMMERSMITH MEDICINES RESEARCH LIMITED,02779946,72,-1.245845362026123,-1.245845362026123,0.08964666924325917,-11.214052824547514,9.99517408394057,29.0,5.673323267171493,75.32791752577319,0.08313807442892696,0.739455808344216,0.06800227547996196
GROSVENOR FARMS LIMITED,01153338,15,-0.08662707352037682,-0.08662707352037682,0.31890020898641586,-4.292718751497226,9.636392113692736,49.0,3.828641396489095,332.8695652173913,0.12868918700760568,0.18899545868250933,0.046104641327480766
DIF MANAGEMENT UK LIMITED,06570536,82,0.49505701425848647,0.49505701425848647,0.09615164633067379,0.28035152574567707,9.314119047183828,14.0,3.58351893845611,308.1541388888889,0.1872389684956528,0.2361081913103933,0.010959080134511787
DEANS ENGINEERING (LIVINGSTON) LIMITED,SC078852,82,-0.12625788808951768,-0.12625788808951768,0.1352766010418344,-1.3506810411187675,9.709668006483334,40.0,4.672828834461906,153.9825327102804,0.10420047918775177,0.05548146941968235,-0.019610281060412793
SYNIVERSE TECHNOLOGIES SOLUTIONS LIMITED,04885867,64,0.2649071358748778,0.2649071358748778,0.06624789535034321,1.4677683136210886,9.64484634886876,19.0,3.8918202981106265,315.14285714285717,0.03348844655887073,0.37097133887001266,0.03786845436099444
DISGUISE TECHNOLOGIES LIMITED,07937973,82,1.1488072544888732,1.1488072544888732,0.04770189964113499,5.440551811657813,9.673521531008426,10.0,5.153291594497779,91.85671676300578,0.256888081611542,-0.29606828313176115,-0.22383815307485025
BENIFEX FINANCIAL SOLUTIONS LTD,06242658,63,0.38086667346005704,0.38086667346005704,0.5032883884952079,8.367833323675878,9.380521784524795,15.0,4.343805421853684,153.9636233766234,0.887735726613931,0.6280055516052379,-0.28135596140225705
B TAYLOR & SONS TRANSPORT LIMITED,01697507,49,-0.39651700306650184,-0.39651700306650184,0.19384902970383522,-6.33194819557091,9.774686781427926,39.0,5.176149732573829,99.3388813559322,0.012106539917187131,0.06879919153529301,0.02923987866068431
TECHNIMARK LIMITED,07015232,22,-0.12560117009002786,-0.12560117009002786,0.20108887135429715,-1.3440472564927808,9.706385825168384,13.0,4.727387818712341,145.32869026548673,0.2767042944601814,0.4074369090709231,0.05099181106641984
KKR CAPSTONE EMEA LLP,OC380687,,0.11824953445065177,0.11824953445065177,0.5232870198483934,4.842794844243015,9.597777277564957,10.0,2.6390573296152584,1052.2857142857142,0.39029691683805723,0.45005483761666976,0.069174232298571
PURE CITY OPCO LIMITED,07296480,68,0.3962962962962963,0.3962962962962963,0.02191736342235571,0.21198719767771615,9.418898064961974,12.0,,,0.003762201132357701,-0.059930127885418405,-0.004763533055765955
METALLISATION LIMITED,04953775,28,-0.16809955326018428,-0.16809955326018428,0.1529410814578555,-0.7506683771700218,9.709197518400646,19.0,3.828641396489095,358.00828260869565,0.09785639053770945,0.1104240135181298,0.0051343462665952855
CAVITECH SOLUTIONS LIMITED,02566839,28,0.6190625400578257,0.6190625400578257,0.2541057810034285,3.180695916666665,9.257872128344008,32.0,3.9889840465642745,189.3209074074074,0.0020438011435852665,-0.005305920876398029,-0.005674429432634187
PNEUMATIC COMPONENTS LIMITED,00341813,32,0.15344281252583478,0.15344281252583478,0.15379023201434508,-0.08013924646712023,9.483042782414332,84.0,4.584967478670572,134.0315612244898,0.025623505594665863,-0.0670268975093743,-0.050517724087203286
DEPT DESIGN & TECHNOLOGY LTD,06175049,62,-0.08928876956859406,-0.08928876956859406,0.20658654178580704,-4.2510389346832875,9.415611804163614,15.0,4.804021044733257,100.64412295081968,0.22641278968377998,0.22227526830337774,-0.0021050567432437384
PHOEBUS SOFTWARE LIMITED,02441885,62,0.5284938057324422,0.5284938057324422,0.09901818864419668,2.581875230986942,9.353927250815943,33.0,4.77912349311153,97.009,-0.010989072208906325,0.08625940984249425,0.024284297800299157
FRONTLINE BATHROOMS LTD.,02533308,46,-0.854071363220494,-0.854071363220494,0.11052125992213964,-8.758811829740923,9.89237604778141,32.0,4.48863636973214,222.23595505617976,-0.03784583320351276,0.23200333130393425,0.05787783021845595
GLASS'S INFORMATION SERVICES LIMITED,00717446,58,-0.1014940752189593,-0.1014940752189593,0.1712999735239608,-4.51425661165534,9.335297611380566,60.0,3.6109179126442243,306.2432432432432,0.016818299245760837,-0.14366799322359924,-0.11548792775642513
CREATIVE TECHNOLOGIES LTD,06801043,61,0.3270758122743682,0.3270758122743682,0.31924702266615446,8.456110622436185,9.473857817428666,13.0,,,0.30198010562195177,0.6944849626817686,0.1744276229713944
RENOLD CONTINENTAL LIMITED,00185145,25,-0.5681458003169572,-0.5681458003169572,0.1999894353177328,-10.598069566731883,9.84855606900991,94.94999999999987,2.8903717578961645,1051.7222222222222,0.8887969962518428,1.4479917833949951,0.16044141271886275
INDUSTRIAL TOOLING CORPORATION LIMITED,02573537,28,-0.14814323829980025,-0.14814323829980025,0.09122777152596828,-1.473512007745878,9.477666306973296,31.0,4.143134726391533,207.3755873015873,0.028954365851485475,-0.16198691882153826,-0.07764631589348034
GUARDSMAN INDUSTRIES LIMITED,02360505,47,-6.3166254303146685,-1.3538505560127176,0.0548441910280982,-34.82614420563308,9.497879009141615,33.0,4.356708826689592,170.91565384615384,0.07578743026686041,0.2884480273860748,0.02292077800678395
GLASSCRAFT DECORATIVE LIMITED,07259028,23,0.06251408358770406,0.06251408358770406,0.10189719223750505,-0.19055182060601222,9.376066144053441,12.0,4.787491742782046,98.35411666666667,0.16911000501046503,0.8567365088581489,0.07645951118482844
WATER TREATMENT PRODUCTS LIMITED,03896797,36,0.10478587952571858,0.10478587952571858,0.2818416616764803,2.97101822814691,9.397123461315948,23.0,4.07753744390572,204.2992881355932,0.06872384172558088,0.08708225322685426,0.014039260278559507
QUADREAL UK SERVICES LIMITED,11087945,70,0.33118256567952414,0.33118256567952414,0.10034091360338113,5.088404963805165,9.321982993819564,5.0,2.6390573296152584,798.6522857142857,0.4649865814353489,0.402277344138144,-0.01407257791802001
WALKERS TRANSPORT MIDLANDS LIMITED,02938633,49,-0.6282110812334248,-0.6282110812334248,0.08431792483426198,-5.417204449901284,9.257872128344008,28.0,4.143134726391533,162.97952380952378,0.02758595846678258,0.07089859452779601,0.009822543557623437
RESOURCE DATA MANAGEMENT LIMITED,SC208148,63,0.04002057181558638,0.04002057181558638,0.2622548398801183,2.54129942533336,9.444129774589367,22.0,4.2626798770413155,177.94061971830985,0.049866321290983784,0.15376426187118764,0.06466060145624411
VENUS BY MARIA TASH LIMITED,10205303,96,-0.41794474214124205,-0.41794474214124205,0.06543944648225891,-1.3489809139813735,9.698962594493054,6.0,3.8501476017100584,346.82314893617024,0.01960209360462417,-0.22927585108813553,-0.0860683117876834
FILTERMECH PLANT SALES LIMITED,02448311,77,-0.7979426533057967,-0.7979426533057967,0.05189916776889998,-3.553700891198365,9.82758443160503,33.0,3.1780538303479458,772.4216666666666,0.16011741897917342,0.3393509883062058,0.018171754868536193
ADLINGTON WELDING SUPPLIES LIMITED,01129702,46,-0.18747414306045435,-0.18747414306045435,0.1973709447827573,-2.6191575943064374,9.516471877157452,49.0,4.189654742026425,205.78195454545454,0.13536232318920804,0.10893484432805556,-0.014449836174475872
AINTREE PLASTICS LIMITED,03132502,22,-0.3821890923812122,-0.3821890923812122,0.1483747181381247,-4.6180409198237795,9.47414882387204,27.0,3.6888794541139363,325.4697,0.12054507445574192,0.09298835856586218,-0.011507914521553253
ARNOLD MAGNETIC TECHNOLOGIES LIMITED,03942412,32,-0.36791911135006256,-0.36791911135006256,0.28803516003526325,-8.734885788283897,9.653448731750503,22.0,4.343805421853684,202.27806493506495,-0.019199306330141663,0.0010352931542148003,0.01711605696437779
POLYART UK FILM LIMITED,11827476,17,-0.5716949932598434,-0.5716949932598434,0.0964779844480504,-4.940619862831897,9.286163265668161,3.0,3.8918202981106265,220.15744897959183,0.450171323379142,0.6177424004756731,0.026982264976374723
DOBY CLEATS LIMITED,00952089,24,-0.1975290230495584,-0.1975290230495584,0.10962801644680041,0.2222286523677064,9.50265089162161,53.0,3.828641396489095,291.19976086956524,0.13354040675106482,0.3380005110196198,0.04296825796281088
GLENAVON PLUMBING & HEATING LIMITED,07143835,43,-0.4998692692885321,-0.4998692692885321,0.07506588924514646,-3.013168184684032,9.452318474308768,12.0,4.394449154672439,157.2550987654321,0.017992859183277865,-0.09079374931992801,-0.03029746553957413
FBC MANBY BOWDLER LLP,OC333450,,0.3435407272762545,0.3435407272762545,0.32697695342069755,3.47777396434617,9.514711184487915,15.0,5.1647859739235145,77.47266857142857,0.010421128383947265,0.10376931560299685,0.07614119412302756
NORTHERN PACKAGING LIMITED,01471317,17,0.46065939005442796,0.46065939005442796,0.01796038840785633,1.5373472691076524,9.341005059525328,42.0,3.9318256327243257,223.4481568627451,-0.008500782486980385,-0.22008171749255534,-0.018941241487189547
GORDON BROTHERS EMEA LIMITED,07464222,64,7.992157006384739,4.030904718277599,0.01906059597704715,40.17714405523789,10.03966019149655,12.0,,,0.869964138099633,-0.29358645179734577,-0.33449624871350725
SPB UK & IRELAND LTD,07015206,70,1.2670269944966779,1.2670269944966779,0.11832632314447795,15.028535143190169,9.257872128344008,13.0,4.1588830833596715,162.371546875,0.01631463529486421,0.004382838916553,-0.004267349956300695
PROVEN ACQUISITION LIMITED,04283609,70,-0.5203690807799443,-0.5203690807799443,0.45471817606079795,-15.100303991263347,9.443988555935478,21.0,3.295836866004329,467.85185185185185,-0.01752246049326378,0.015498453700621306,0.04293138927401119
WILLIAM TURNER & SON (STOCKPORT) LIMITED,01819061,46,0.2855083777791286,0.2855083777791286,0.05784369010144896,1.5540469208802274,9.287932140088152,38.0,4.653960350157523,102.9220380952381,-0.027612594062983997,-0.026177016636800388,0.0002554368006973187
OLYMPUS ENGINEERING LIMITED,04051239,25,-1.3524795043292932,-1.3524795043292932,0.09338258234578684,-14.237269744021628,9.361495684452203,22.0,4.6913478822291435,106.71351376146788,0.007407578283406879,0.23562184266444497,0.04277392805829303
INVICTA MOTORS (MAIDSTONE) LIMITED,07136624,45,-0.23029045643153526,-0.23029045643153526,0.0347788440724439,-1.3491260872994741,9.536690120068803,12.0,2.9444389791664403,729.421052631579,-0.0546661263554834,0.039592765714558054,0.008628280219959903
VERSION 1 TECHNOLOGY LIMITED,NI058529,62,0.04757353332687401,0.04757353332687401,0.18252416264009105,11.450006121103781,9.437735990426347,16.0,5.1298987149230735,74.27966863905326,-0.18336142158289903,0.07422093215778736,0.1033746316834519
THORANMART LIMITED,02017117,45,-0.3112033195020747,-0.3112033195020747,0.019728629024005895,1.5244509077753297,10.796775742844966,36.0,4.330733340286331,642.9342105263158,-0.09956796448044669,0.03360419526424363,0.006685345642613118
CHAPMANS AGRICULTURAL LIMITED,00564420,25,-1.2496594214312595,-1.2496594214312595,0.13387949311517205,-18.914255925652,9.427401704038244,66.0,4.836281906951478,98.60478571428571,0.11138027052445132,,0.15486579633156555
AOC RESINS UK LTD,04020043,20,-0.6283983363473309,-0.6283983363473309,0.08286053212505301,6.943653486504073,10.392079285077557,22.0,3.58351893845611,905.5661666666667,0.06013989347496018,-0.03237851251750601,-0.02611292743382762
CALACHEM LTD,05369235,64,-1.4803015582585033,-1.3538505560127176,0.035698417125754445,-21.738401331749035,11.0508832116998,17.0,4.700480365792417,572.7233818181818,0.05983743288231724,-0.04075610235200888,-0.012449731022393704
BOTTOMLINE TECHNOLOGIES EUROPE LIMITED,03693514,64,-0.6021066527834591,-0.6021066527834591,0.01789870882324775,5.196346523067308,9.394259901331637,23.0,1.0986122886681098,4006.3970000000004,0.38150792014226953,,0.28064235641404
HIGHLANDER COMPUTING SOLUTIONS LIMITED,03091654,62,0.5425495290125737,0.5425495290125737,0.05716502854076227,3.0563924750774594,10.070171222450375,27.0,4.290459441148391,323.6658904109589,-0.09406810804092358,-0.10526904613171717,-0.002173897717578206
NORTH STAR HOLDCO LIMITED,SC031826,64,2.2979882648784575,2.2979882648784575,0.09250661523102423,13.635149361399707,11.544143084787585,66.0,7.166265974133638,79.66872586872587,0.13668786943579447,-0.14910824758539265,-0.12802635367912268
TRUEMAN HOLDCO LIMITED,11106461,82,0.5220206970819482,0.5220206970819482,0.08305424591589645,4.912027693206402,11.459184946993286,5.0,6.259581464064923,181.20037858508604,0.6923060878637801,0.42459093927973823,-0.056174225907455286
FORZA FOODS LIMITED,07224571,10,-0.04475195053731783,-0.04475195053731783,0.02346167661361627,-0.5076688329123523,12.526634401483374,12.0,7.107425474110705,237.13022113022112,0.01605081437108047,-0.052345642944166215,-0.005455470073338048
FLAMINGO PRODUCE LTD.,02938560,46,0.18078871560544352,0.18078871560544352,0.062084872555489085,0.8660131193930651,11.996270944587247,28.0,5.484796933490655,672.8174273858921,0.06512142194657611,0.2278734866443064,0.02155994130180957
KOBER LIMITED,07443319,10,0.0053404539385847796,0.0053404539385847796,0.02026241038820506,-0.010752378732356224,11.61633908665931,12.0,6.202535517187923,224.4838056680162,-0.02707732030328025,-0.04153968835971167,-0.0009311385346776613
ABVR HOLDINGS LIMITED,10597111,45,1.131830985915493,1.131830985915493,0.04717702013993635,13.293197817035185,11.921698429417575,5.0,5.988961416889864,377.18546365914784,,,
PERIDOT GLOBAL HOLDINGS LIMITED,13147784,64,-1.211217201962906,-1.211217201962906,0.35954117110754114,-47.44998565536015,11.333305028862986,1.0,5.6240175061873385,301.65606859205775,,,
TOTAL FITNESS HEALTH CLUBS LIMITED,07334974,93,0.35115722266560256,0.35115722266560256,0.10417070805043648,0.5981323006407093,10.493632545506374,12.0,6.448889394146858,57.096518987341774,-0.010562227748562414,-0.11624565322235703,-0.042018860574909125
HIGH STREET TV (GROUP) LIMITED,06577510,47,-1.9490704841981137,-1.3538505560127176,0.02893740832197817,-6.290951461580599,10.693673667742283,14.0,4.343805421853684,572.4172857142858,,,
FSP CONSULTING SERVICES LIMITED,07717182,62,1.0849102377486657,1.0849102377486657,0.2354217830829859,-0.6217889230472229,9.770470313426317,11.0,4.9344739331306915,125.96402877697842,,,
KINETIC SOLUTIONS GROUP LIMITED,12125544,64,0.08337645973879967,0.08337645973879967,0.16963470251894575,-6.014737553424792,9.75202358526222,3.0,4.543294782270004,182.8614574468085,,,
DIGITAL AUTOMOTIVE SOLUTIONS LTD,08927855,45,-1.890960451977401,-1.3538505560127176,0.014688309101772556,-4.617666819286318,11.699438226382652,8.0,4.23410650459726,1746.4347826086957,,,
ASTON BARCLAY LIMITED,01644813,45,-0.6533542741754543,-0.6533542741754543,0.14627022414755014,-10.184047778532548,10.324530690607611,40.0,5.799092654460526,92.33636363636364,,,
KLARIUS PRODUCTS LTD,08329324,25,0.7905860963862087,0.7905860963862087,0.050323340614401905,3.5786563257826454,10.187979078101955,10.0,5.552959584921617,103.02992635658916,,,
RAVEL 123 LIMITED,11723108,64,0.7973517263052832,0.7973517263052832,0.13464377350245602,3.230288361962408,9.636528663930456,4.0,4.875197323201151,116.90145801526718,,,
DATA INTELLECT SERVICES LIMITED,NI607087,62,-0.06659505907626208,-0.06659505907626208,0.2993729567500938,-7.302175206157632,9.834083882397248,11.0,5.318119993844216,91.4656862745098,,,
ARAN GROUP HOLDINGS LIMITED,12189164,96,4.446892799851208,4.030904718277599,0.03757107084321387,8.403079400743241,9.345608405766129,3.0,4.127134385045092,184.6521935483871,,,
SPAYNE LINDSAY & CO LTD,09500191,64,-0.486595377791274,-0.486595377791274,0.09340492595917017,0.9271080356027583,9.379753894053382,7.0,3.1780538303479458,493.58745833333336,,,
LOWTON INFRASTRUCTURE GROUP LIMITED,12422985,64,-0.1686168935018168,-0.1686168935018168,0.15761782237765598,-4.315817145444504,9.59276446285918,2.0,4.584967478670572,149.57485714285713,,,
PRIESTHOLM MIDCO LTD,12254895,64,-0.9485404191616766,-0.9485404191616766,0.31344946917707783,-30.02396833677503,12.046431922959277,3.0,7.537139200363593,90.58979808714133,,,
LHTCA MIDCO LIMITED,11635435,64,4.018094365551993,4.018094365551993,0.09342734558060409,15.221678492730039,11.445320915033061,4.0,6.192362489474872,191.13087934560326,,,
DRAKEN UK BIDCO LIMITED,12899936,64,1.0242662146489427,1.0242662146489427,0.12633275477312175,4.607317799692262,11.393308248231683,2.0,6.269096283706261,168.04166666666666,,,
FLUIDONE TOPCO LIMITED,11825732,62,1.9944507872784865,1.9944507872784865,0.07555858676380198,1.9378930273824604,10.638175133501013,3.0,5.117993812416755,249.68030538922153,,,
CLAYTON TOPCO LIMITED,11526460,64,0.5682676740420939,0.5682676740420939,0.02913934361780755,1.0528678987232174,11.060227229880846,4.0,5.594711379601839,236.39776951672863,0.3372905399527282,-0.1867412754821216,-0.10042064133894311
KORU TOPCO LIMITED,12351469,64,-0.8408838833424814,-0.8408838833424814,0.07466362786803238,-6.775566629719674,10.598301118903708,3.0,5.768320995793772,125.20847187500001,,,
MAK-SYSTEM MIDCO LIMITED,12419585,64,-0.3108878148582986,-0.3108878148582986,0.5232870198483934,-17.686373277014884,10.30995755556822,2.0,5.187385805840755,167.7662681564246,,,
COPENHAGEN TOPCO LIMITED,11685459,64,0.24520020152199243,0.24520020152199243,0.25815976121045947,-1.2590848240598334,9.330717462383591,4.0,3.9889840465642745,208.87446296296295,,,
WELLA UK LTD,12857361,46,0.5388383484954513,0.5388383484954513,0.02033223064062889,0.8593606617007057,11.853425294226033,2.0,5.855071922202427,402.7650429799427,,,
M GROUP (PLANT & FLEET SOLUTIONS) LIMITED,12291050,77,0.5781097759012667,0.5781097759012667,0.10841294805286261,0.19670249901020537,11.352780186720297,3.0,5.220355825078324,460.55135135135134,,,
HEALTH PARTNERS GROUP LIMITED,10284664,82,0.9788523020832091,0.9788523020832091,0.12884382784661352,4.804420627958325,10.884894544874346,6.0,6.637258031284457,69.93991480996068,,,
ACTIVATE ACCIDENT REPAIR GROUP LIMITED,11797160,45,4.817052074770364,4.030904718277599,0.00900623058364488,2.902644911520687,10.343877975872967,3.0,5.459585514144159,132.19689787234043,,,
EVERCORE GROUP SERVICES LIMITED,03978092,64,-1.005878284923928,-1.005878284923928,0.004966570902258245,-0.33607187783244946,10.590610473628633,22.0,5.752572638825633,126.22144126984128,0.17624824908618364,,0.0034127773495859705
EQT EXETER ADVISORS UK LIMITED,13306870,64,0.24758435006122634,0.24758435006122634,0.055710880492987155,-0.8003576869605302,10.23305374725074,1.0,4.060443010546419,479.43615517241375,,,
THRIVE UK HOLDINGS LIMITED,13408402,64,0.4611163975284191,0.4611163975284191,0.11846847989608068,-2.013629156151457,9.86247965532037,1.0,4.2626798770413155,270.3722676056338,,,
CLUB FREELANCE LIMITED,09050953,78,4.825361333790691,4.030904718277599,0.010538089705879662,3.5360784589773098,10.01717960931572,8.0,3.871201010907891,466.83627083333334,,,
LEXHAM INSURANCE CONSULTANTS LIMITED,03897329,65,1.8076572690787256,1.8076572690787256,0.1769959976052394,10.216186100213084,9.628271258406508,23.0,4.919980925828125,110.86245985401459,,,
MOBYSOFT LIMITED,04546648,62,1.2275174553917765,1.2275174553917765,0.10776830976286336,10.173310306628464,9.484703818984325,20.0,4.574710978503383,135.63844329896907,,,
CHANNEL 3 CONSULTING LTD,06824790,62,-0.024428348102699313,-0.024428348102699313,0.15547664131635183,-3.1952168346749397,9.453307648403227,13.0,3.784189633918261,289.7788409090909,,,
BONTEXGEO UK HOLDING LIMITED,13254754,64,1.721023790803763,1.721023790803763,0.01692757252195962,3.2888817418648157,9.602505898079329,1.0,4.3694478524670215,187.36489873417722,,,
ONYX GERMANY (1) LTD,05585682,68,0.08872349498169929,0.08872349498169929,0.42208671338395937,2.133504203880454,9.309773495301519,17.0,,,,,
EPIC ADMINISTRATION LIMITED,06232612,69,-0.25701664518545453,-0.25701664518545453,0.18134043899180816,-5.127753360705755,9.434660910369274,15.0,5.236441962829949,66.56766489361702,,,
CROUD HOLDINGS LIMITED,12299933,64,0.22320651446822812,0.22320651446822812,0.19703970403062138,-6.388564000779937,10.390478329725273,3.0,5.648974238161206,114.60645070422535,,,
SHERWOOD PARENTCO LIMITED,13299333,64,5.277260638297872,4.030904718277599,0.04576498113411682,17.34018295475859,12.526634401483374,1.0,7.537139200363593,129.270979020979,,,
CHARLIE TOPCO LIMITED,13192285,64,0.7795775560450953,0.7795775560450953,0.11765513035523707,4.189363001374775,11.09117852428778,1.0,6.499787040655854,98.63157894736842,,,
TROWBRIDGE TOPCO LIMITED,13676900,82,-0.5422956684081162,-0.5422956684081162,0.08801530345499872,-4.78900208741022,11.130330495120349,1.0,6.261491684321042,130.16967748091602,,,
BUTTERFLY TOPCO LIMITED,13229544,64,5.5701643489254105,4.030904718277599,0.013297917051930805,6.398434089266153,10.993445836423904,1.0,5.659482215759621,207.25783972125436,,,
COLOSSUS TOPCO LIMITED,12946386,64,-1.6423737126042177,-1.3538505560127176,0.16897043224608857,-24.954078521042305,11.007684219498138,2.0,5.351858133476067,285.9526066350711,,,
DUKE GLOBAL FUNDING LIMITED,13609220,64,0.0,0.0,0.004966570902258245,-0.0017488039510842762,11.843793426939609,1.0,,,,,
MINDERA UK LIMITED,10398155,62,0.6614357262103506,0.6614357262103506,0.28379210688397216,-3.0888749917186042,9.957360018000617,6.0,4.499809670330265,234.5222222222222,,,
TRIME (UK) LIMITED,10178437,27,-0.15489509857405526,-0.15489509857405526,0.0566866589690656,-1.7911817907944265,9.716478104731438,6.0,2.4849066497880004,1382.3931666666667,,,
THE CROSBY GROUP UK LIMITED,01169996,25,1.6774392837510694,1.6774392837510694,0.04954682274231138,8.95686171679448,9.925784028389705,48.0,4.477336814478207,232.3970227272727,,,
2 RECYCLING LIMITED,06347331,38,-0.09649040232583825,-0.09649040232583825,0.10844271540343639,-0.9054989667255181,9.737851711689585,15.0,3.9512437185814275,325.9056730769231,,,
BCN MANAGED LIMITED,NI038347,62,-0.22298489278559416,-0.22298489278559416,0.10515744874251506,-4.4240949444906175,9.393048270797111,22.0,4.477336814478207,136.41632954545454,,,
DREAMTEK LIMITED,04220936,82,-0.10575926556119282,-0.10575926556119282,0.07425005945428681,-0.293630364638911,9.541862591739442,21.0,4.430816798843313,165.84370238095238,,,
EMMES BIOPHARMA UK LIMITED,04498663,72,-0.8182022426697427,-0.8182022426697427,0.41552063251610294,-29.834663040893766,9.794916889865409,20.0,3.4965075614664802,543.7063636363637,,,
TECH FOLIEN LTD,05866459,22,-0.6079494007608205,-0.6079494007608205,0.09011242827552687,-4.580155509466939,9.361411428914739,16.0,3.5263605246161616,342.0821470588235,,,
BRIGHT TOPCO LIMITED,13257483,64,0.654392727691157,0.654392727691157,0.21056393482342964,0.42869658990910275,12.419711166830078,1.0,7.527793987721444,133.20871436256053,,,
EDEN FUTURES TOPCO LIMITED,13447848,64,1.0963671128107075,1.0963671128107075,0.11316427211355375,-0.7162261130492411,10.047934156901157,1.0,6.784457062637643,47.53306322100134,,,
NIMROD TOPCO LIMITED,13349691,78,-0.4372687846123505,-0.4372687846123505,0.050216310539882014,-2.1115071040364066,10.933850478960059,1.0,4.1588830833596715,875.6508125,,,
PROJECT PISCES TOPCO LIMITED,13344156,62,0.7502021018593371,0.7502021018593371,0.10880464420793386,7.828488223520476,10.031792812689051,1.0,5.402677381872279,102.42342342342343,,,
HGF LIMITED,08998652,69,0.26936283861121707,0.26936283861121707,0.18694055133554438,2.8290129980293317,11.340035292518802,8.0,5.986452005284438,211.3643216080402,0.05756150100836899,0.28129655816623855,0.08182391911721225
"S I GROUP - UK, LTD",00667049,20,-1.169651272384543,-1.169651272384543,0.08922798033975593,-11.1403357458052,11.580752323594988,62.0,4.709530201312334,964.1261261261261,0.04905585537856494,-0.0003488331814062162,-0.013894052973439888
IDC UK LIMITED,00960665,63,-0.657926237900025,-0.657926237900025,0.09078450475377539,-5.207739573827353,11.153606184997546,53.0,5.579729825986222,263.45336226415094,0.1354835269432897,-0.11629534079672132,-0.10180508528375623
G T EMISSIONS SYSTEMS LIMITED,01186562,25,-51.408978627429924,-1.3538505560127176,0.004966570902258245,-3.088589078674807,10.832755455499752,48.0,5.393627546352362,230.24130454545454,-0.0698466761983233,-0.3991361449807088,-0.06898168998980508
A J MOBILITY LIMITED,02808028,82,-0.12699064815020436,-0.12699064815020436,0.18577396942632024,-7.491058100460207,10.115535454169887,29.0,5.572154032177765,94.00814448669202,0.2308751105412672,0.37968688592759614,0.05386169100322327
A. & M. INSULATIONS LIMITED,09592685,43,0.16867199062311075,0.16867199062311075,0.057195990936523326,-1.013766643516656,10.067645053841579,7.0,5.075173815233827,147.2999875,,,
BCN GROUP LTD.,06893253,82,0.24142927445221235,0.24142927445221235,0.1472173414472207,-0.021254078607160776,10.013212833730735,13.0,4.30406509320417,301.61390540540543,0.2537823910756154,0.15527466438168847,-0.040961036707770876
BPP HOLDINGS LIMITED,01245304,70,0.41533375986351034,0.41533375986351034,0.37365527133636145,-11.134820230610515,10.130543440670253,46.0,2.0794415416798357,3137.25,0.10108130398181503,,0.38784093820627596
OHA (UK) LLP,OC390948,,0.46406608115628534,0.46406608115628534,0.3804195975379238,5.718253996122319,9.836799415963249,8.0,,,0.10541117999638128,0.20007382638332083,0.08310889158370766
PPT GROUP UK LTD,00414668,26,-0.16058298253741055,-0.16058298253741055,0.21523455604208372,-5.197038782396282,9.97082255050993,76.0,5.135798437050262,125.84161764705883,0.1525647670870418,0.12005021563322282,-0.01929389496406053
J R INDUSTRIES LIMITED,00987946,32,1.322222669726687,1.322222669726687,0.15045660869382133,16.551169784663163,9.876779547906889,52.0,4.454347296253507,226.42918604651163,0.03721832101399203,-0.0027350748071732767,-0.018817358414080804
A.B.G. LIMITED,02274509,43,0.4400540376020549,0.4400540376020549,0.025120394517769696,1.6253835158765602,9.609811216999152,34.0,4.189654742026425,225.9144696969697,0.06488055322118469,-0.28826046677167794,-0.059012508850782686
ON24 LIMITED,05278776,82,-0.3889207185628743,-0.3889207185628743,0.05215630010127942,-0.07709399508230366,9.90408557368583,18.0,4.74493212836325,174.01707826086957,,,
M. B. HEATING LIMITED,04200625,43,0.2899304843909369,0.2899304843909369,0.032295498197854086,1.0432788304959675,9.460447905585953,21.0,4.276666119016055,178.35604166666667,-0.1487887919058225,-0.15592914233755606,-0.0008265565342107303
M.S.W (UK) LIMITED,02431149,43,-0.8396327498158236,-0.8396327498158236,0.137370785254442,-11.125714531863744,9.583656323102273,33.0,2.9444389791664403,764.4964210526316,-0.08438202917956317,-0.06652555398973792,0.007733477265870287
